-- phpMyAdmin SQL Dump
-- version 5.2.1
-- https://www.phpmyadmin.net/
--
-- Хост: 127.0.0.1
-- Время создания: Дек 13 2023 г., 14:04
-- Версия сервера: 10.4.28-MariaDB
-- Версия PHP: 8.2.4

SET SQL_MODE = "NO_AUTO_VALUE_ON_ZERO";
START TRANSACTION;
SET time_zone = "+00:00";


/*!40101 SET @OLD_CHARACTER_SET_CLIENT=@@CHARACTER_SET_CLIENT */;
/*!40101 SET @OLD_CHARACTER_SET_RESULTS=@@CHARACTER_SET_RESULTS */;
/*!40101 SET @OLD_COLLATION_CONNECTION=@@COLLATION_CONNECTION */;
/*!40101 SET NAMES utf8mb4 */;

--
-- База данных: `videostube`
--

-- --------------------------------------------------------

--
-- Структура таблицы `comment`
--

CREATE TABLE `comment` (
  `id` int(11) NOT NULL,
  `comment` text NOT NULL,
  `video_id` varchar(16) NOT NULL,
  `parent_id` int(11) DEFAULT NULL,
  `pinned` tinyint(3) DEFAULT 0,
  `created_at` int(11) DEFAULT NULL,
  `updated_at` int(11) DEFAULT NULL,
  `created_by` int(11) DEFAULT NULL,
  `mention` varchar(100) DEFAULT NULL
) ENGINE=InnoDB DEFAULT CHARSET=utf8mb4 COLLATE=utf8mb4_unicode_ci;

--
-- Дамп данных таблицы `comment`
--

INSERT INTO `comment` (`id`, `comment`, `video_id`, `parent_id`, `pinned`, `created_at`, `updated_at`, `created_by`, `mention`) VALUES
(1, 'Фу не зашло', 'jAtgn0Ro', NULL, 0, 1701440178, 1701440178, 5, NULL),
(10, 'Как такое можно было создать? Вообще не понравилось!', 'jAtgn0Ro', NULL, 0, 1701452694, 1701522780, 6, NULL),
(13, 'А вы так же считает, что раньше было лучше?', 'jAtgn0Ro', NULL, 0, 1701453816, 1701768134, 16, NULL),
(48, 'Кабуу жив!', 'zokcrE0x', NULL, 0, 1701539149, 1701591136, 6, NULL),
(64, 'Нет, это стереотип', 'jAtgn0Ro', 13, 0, 1701545712, 1701699772, 6, NULL),
(70, 'Демка Альберта. Лучше оригинала?', 'zokcrE0x', NULL, 1, 1701548176, 1701779463, 16, NULL),
(75, 'Только в песнях, к сожалению', 'zokcrE0x', 48, 0, 1701590301, 1701590301, 16, NULL),
(107, 'Я думаю они по настроению. Оба хороши', 'zokcrE0x', 70, 0, 1701630130, 1701632161, 6, NULL),
(140, 'Один из моих любимых его треков. Легенда!', 'lxp_tOP9', NULL, 0, 1701707129, 1701707129, 6, NULL),
(149, 'Хоть сериал и кровавый, но зато очень интересно наблюдать за событиями!', '4ffQVh_7', NULL, 1, 1701711910, 1701711937, 5, NULL),
(150, 'Согласен полностью! Тоже жду продолжение', '4ffQVh_7', 149, 0, 1701711963, 1701711963, 6, NULL),
(156, 'Если хотите больше интересных нарезок из различных произведений, то подпишитесь!', '0lymfvh4', NULL, 0, 1701712293, 1701712296, 6, NULL),
(157, 'Можете написать в комментариях, из какого фильма или мультфильма мне сделать нарезку лучших моментов!', '0lymfvh4', 156, 0, 1701712357, 1701712357, 6, NULL),
(158, 'Давай нарезки из фильма \"Залечь на дно в Брюгге\"', '0lymfvh4', 156, 0, 1701712521, 1701712521, 5, 'totoro'),
(159, 'не оригинал на много лучше', 'zokcrE0x', 70, 0, 1701712669, 1701712669, 5, NULL),
(160, 'а это кто вообще?', 'zokcrE0x', 48, 0, 1701712699, 1701712699, 5, 'MusicOfficial'),
(161, 'Да он как нытик поёт!', 'lxp_tOP9', 140, 0, 1701767811, 1701767811, 5, NULL),
(162, 'Последняя русская рок звезда!', 'zokcrE0x', 48, 0, 1701768008, 1701768008, 16, 'test'),
(164, 'Хотите больше творчества Альберта Кабуу?', 'lxp_tOP9', NULL, 0, 1701768183, 1701768187, 16, NULL),
(165, 'Тебе просто не понять смысл...', 'lxp_tOP9', 140, 0, 1701768224, 1701768224, 16, 'test'),
(166, 'Согласен полностью!', 'lxp_tOP9', 140, 0, 1701768239, 1701768239, 16, NULL),
(167, 'Долго ждать к сожалению...', '4ffQVh_7', 149, 0, 1701768421, 1701768421, 16, 'totoro'),
(168, 'Интресно как родители каши относится к его контенту\r\n\r\n', 'ZNjMdt8o', NULL, 0, 1701779624, 1701779624, 16, NULL),
(169, 'Главное чтобы ожидание оправдалось...', '4ffQVh_7', 149, 0, 1701799340, 1701799529, 5, 'MusicOfficial'),
(177, 'Я этот фильм ещё в детстве смотрел. Спасибо за напоминание!!', 'ch6YVnvd', NULL, 0, 1701964882, 1701964904, 5, NULL);

-- --------------------------------------------------------

--
-- Структура таблицы `migration`
--

CREATE TABLE `migration` (
  `version` varchar(180) NOT NULL,
  `apply_time` int(11) DEFAULT NULL
) ENGINE=InnoDB DEFAULT CHARSET=utf8mb4 COLLATE=utf8mb4_unicode_ci;

--
-- Дамп данных таблицы `migration`
--

INSERT INTO `migration` (`version`, `apply_time`) VALUES
('m000000_000000_base', 1700299537),
('m130524_201442_init', 1700299548),
('m190124_110200_add_verification_token_column_to_user_table', 1700299548),
('m231120_134808_create_videos_table', 1700489026),
('m231123_083239_create_video_view_table', 1700728414),
('m231123_085754_create_video_like_table', 1700729888),
('m231123_145305_create_subscriber_table', 1700751197),
('m231123_202038_create_fulltext_index_on_video', 1700771964),
('m231125_110823_create_video_comment_table', 1700910692),
('m231130_085811_create_channel_view_table', 1701334830),
('m231130_153256_create_comment_table', 1701419748),
('m231203_174632_add_mention_column_to_comment_table', 1701625744);

-- --------------------------------------------------------

--
-- Структура таблицы `subscriber`
--

CREATE TABLE `subscriber` (
  `id` int(11) NOT NULL,
  `channel_id` int(11) DEFAULT NULL,
  `user_id` int(11) DEFAULT NULL,
  `created_at` int(11) DEFAULT NULL
) ENGINE=InnoDB DEFAULT CHARSET=utf8mb4 COLLATE=utf8mb4_unicode_ci;

--
-- Дамп данных таблицы `subscriber`
--

INSERT INTO `subscriber` (`id`, `channel_id`, `user_id`, `created_at`) VALUES
(10, 5, 6, 1700761918),
(25, 6, 6, 1700839865),
(33, 5, 16, 1700991475),
(47, 6, 16, 1701330606),
(48, 16, 6, 1701457566),
(57, 16, 5, 1701784155),
(60, 5, 5, 1701799281),
(61, 16, 16, 1702230244);

-- --------------------------------------------------------

--
-- Структура таблицы `user`
--

CREATE TABLE `user` (
  `id` int(11) NOT NULL,
  `username` varchar(255) NOT NULL,
  `auth_key` varchar(32) NOT NULL,
  `password_hash` varchar(255) NOT NULL,
  `password_reset_token` varchar(255) DEFAULT NULL,
  `email` varchar(255) NOT NULL,
  `status` smallint(6) NOT NULL DEFAULT 10,
  `created_at` int(11) NOT NULL,
  `updated_at` int(11) NOT NULL,
  `verification_token` varchar(255) DEFAULT NULL
) ENGINE=InnoDB DEFAULT CHARSET=utf8 COLLATE=utf8_unicode_ci;

--
-- Дамп данных таблицы `user`
--

INSERT INTO `user` (`id`, `username`, `auth_key`, `password_hash`, `password_reset_token`, `email`, `status`, `created_at`, `updated_at`, `verification_token`) VALUES
(5, 'test', '5jH-HhVh4RJSC4KoTcpEakDxMV8PY5A4', '$2y$13$mDoOMYBlgMX.QRELTWjMRefFIOzXUjVwovzP/UA7r06OFzk0/HpUm', NULL, 'danil22092004@mail.ru', 10, 1700465059, 1700465115, '7M3iod58vEIJwkfbk-H56YvZH_232BHV_1700465059'),
(6, 'totoro', 'nsugE18OqliCH5_c8nat5GkbVIYqkxMM', '$2y$13$2WitEwZ91qkcdGKvXH3PpOzP05m3nqppmKUVU9FSMQ0zXLUwpAnDi', NULL, 'danilsyrala@gmail.com', 10, 1700677308, 1701943663, 'bFrMp7prxK3XpUiKKSdufUZPNCsXQx2g_1700677308'),
(16, 'MusicOfficial', 'J4naOt-CSrw34nGv616D8eC-6NL1JY4x', '$2y$13$qMY4vfS1csLOQ8FBCUt9Iu0H7lxbPbtMvp4WOxBnezarTpZBAKZdO', NULL, 'danil@gmaile.com', 10, 1700849219, 1700849219, 'w2xtSyOyM55HyzmstsBONk07pjrZfWQw_1700849219'),
(22, 'User', '4GPsOjbF92nwQfIh4oBQHiFb9JDJcIvb', '$2y$13$MD1VBYGF2RiEQVbgg/PRZuhVWY0XlG6HVKYGE1tp3CevJkA0gMT62', NULL, 'user@example.com', 10, 1701938904, 1701938904, 'xmbdCBIPVtkFO9hlGZCOYs6_UKHrD1O0_1701938904');

-- --------------------------------------------------------

--
-- Структура таблицы `video`
--

CREATE TABLE `video` (
  `video_id` varchar(16) NOT NULL,
  `title` varchar(100) NOT NULL,
  `description` text DEFAULT NULL,
  `tags` varchar(100) DEFAULT NULL,
  `status` int(1) DEFAULT NULL,
  `has_thumbnail` tinyint(1) DEFAULT NULL,
  `video_name` varchar(100) DEFAULT NULL,
  `created_at` int(11) DEFAULT NULL,
  `updated_at` int(11) DEFAULT NULL,
  `created_by` int(11) DEFAULT NULL
) ENGINE=InnoDB DEFAULT CHARSET=utf8mb4 COLLATE=utf8mb4_unicode_ci;

--
-- Дамп данных таблицы `video`
--

INSERT INTO `video` (`video_id`, `title`, `description`, `tags`, `status`, `has_thumbnail`, `video_name`, `created_at`, `updated_at`, `created_by`) VALUES
('0lymfvh4', 'Озимандия против доктора Манхэттена. Момент из фильма', 'И он \"всего лишь человек\" смог его победить.\r\n', 'озимандия,озимандияпротив,моменты,манхэттен,манхэттенпротив,сражения,фильм,докторманхэттен', 1, 1, 'Озимандия против доктора Манхеттена (720p).mp4', 1700761960, 1701966869, 6),
('4ffQVh_7', 'Омни-мен рассказывает о своей планете. Момент из мультсериала Неуязвимый', 'Мультсериал: Неуязвимый\r\nСезон 1\r\nСерия 8', 'неуязвимый,омнимен,вилтрумит,правда,моменты,мультсериал', 1, 1, 'Омни-мен рассказывает о своей планете. Неуязвимый (720p).mp4', 1700833919, 1701781245, 6),
('ch6YVnvd', 'Доктор Манхэттен, тебе плевать на человечество. Хранители. Момент из фильма', 'Поставь лайк, подпишись, оставь комментарий и поделись в соцсетях.\r\nДоктор Манхэттен, тебе плевать на человечество. Комедиант убивает беременную девушку.\r\nОтрывок из фильма \"Хранители\" (Watchmen, 2009).\r\nВидео включает отрывки режиссерской версии фильма.\r\nПравообладатель MC for Warner Bros. и Paramount Pictures.\r\nКиномпания Paramount Pictures, Warner Bros., Legendary Pictures, DC Comics, Lawrence Gordon Productions, Village Roadshow Pictures. \r\n   Действие картины разворачивается в параллельной реальности, в Америке 1985 года. В этом мире супергерои стали частью повседневной жизни общества, а Часы Судного Дня, застыв в пяти минутах от полуночи, отсчитывают время до столкновения ведущих мировых держав. После убийства одного из своих прежних коллег Роршах — супергерой, никогда не снимающий маски, — полон решимости свершить суд Линча. \r\nОн начинает расследование заговора, призванного уничтожить или дискредитировать всех супергероев прошлого и настоящего. Он собирает своих соратников — отставной легион борцов с преступностью, но лишь один из них обладает подлинной силой. Постепенно Роршах осознает пугающий масштаб заговора, связанного с общим прошлым героев и сулящего катастрофические последствия в будущем. Они хранят наш покой, но кто охранит нас от Хранителей?\r\nРежиссер: Зак Снайдер.\r\nАктеры и роли: \r\nУолтер Ковач / Роршах - Джеки Эрл Хейли, дубляж Сергей Чонишвили\r\nДэниэл Драйберг / Ночной Филин II - Патрик Уилсон, дубляж Алексей Мясников\r\nЛори Юпитер  / Шёлковый Призрак II - Малин Акерман, дубляж Марианна Шульц\r\nДжон Остерман / Доктор Манхэттен - Билли Крудап, Грег Плитт (модель тела), дубляж Илья Бледный\r\nАдриан Вэйдт / Озимандиас (Ozymandias) - Мэттью Гуд, дубляж Сергей Бурунов\r\nЭдвард Морган Блейк / Комедиант - Джеффри Дин Морган, дубляж Владимир Зайцев\r\nСалли Юпитер / Шёлковый призрак I - Карла Гуджино, дубляж Елена Соловьёва\r\nХоллис Мейсон / Ночной филин I - Стивен Макхэтти, дубляж Дальвин Щербаков.', 'докторманхэттен,манхэттен,хранители,фильм,моменты', 1, 1, 'Доктор Манхэттен, тебе плевать на человечество. Хранители. (720p).mp4', 1701706483, 1701712620, 6),
('jAtgn0Ro', 'El Mashe - Раньше было лучше (Official Music Video трек)', 'Концерт El Mashe в твоём городе:https://band.link/elmashetour;\r\n\r\nEl Mashe в сети:https://band.link/elmashe;\r\n\r\nСъёмка/Монтаж - Снято Нами http://snyatonami.ru;\r\n\r\nГрим - Катерина Крылова https://vk.com/namelessmakeup;', 'elmashe,елмаше,раньшелучше,раньшебылолучше,музыка,music,elmasheраньшебылолучше', 1, 1, 'El Mashe - Раньше было лучше (Official Music Video) (720p).mp4', 1700849629, 1701546829, 16),
('ka8rQqP5', 'Жириновский о любви)', '', 'жириновский,политика,любовь', 1, 1, 'Жириновский о любви).mp4', 1701707441, 1701707731, 5),
('lxp_tOP9', 'Запомни (Трек)', 'Provided to YouTube by NORD Side\r\n\r\nЗапомни · Синдром Восьмиклассника · Альберт Галимзянов · Альберт Галимзянов\r\n\r\nЧасть чего-то большего\r\n\r\n℗ NORD Side\r\n\r\nReleased on: 2020-06-03\r\n\r\nAuto-generated by YouTube.', 'синдромвосьмиклассника,альберт,кабуу,альберткабуу,запомни,частьчего-тобольшего', 1, 0, 'Запомни.mp4', 1701706934, 1701707036, 16),
('yyk3ODU8', 'Омни-мен убивает Героев Земли. Момент из Неуязвимый', 'Мультсериал: Неуязвимый\r\nСезон 1\r\nСерия 1', 'омнимен,неуязвимый,стражи,омнименпротив,мультсериал,сражения,стражипротив,моменты', 1, 1, 'Омни-мен убивает Героев Земли. Неуязвимый (720p).mp4', 1701868786, 1701935277, 6),
('ZNjMdt8o', 'МАЗЕЛЛОВ СМОТРИТ КАША - САМЫЕ СМЕШНЫЕ БОЛЕЗНИ!!!! _ РЕАКЦИЯ МАЗЕЛЛОВА kussia', 'Донат нарезчику:\r\nhttps://www.donationalerts.com/r/luch...\r\nВаши донаты вставляю в начало нарезки \r\n\r\nРолик с реакции:\r\n  \r\n\r\n • САМЫЕ СМЕШНЫЕ БОЛЕЗНИ!!!!  \r\n\r\nЯ делаю нарезки по стримеру мазеллову\r\nподписывайся на канал чтобы не пропускать нарезки\r\nесли у вас нет времени смотреть стримы       \r\n\r\nМАЗЕЛЛОВ (стример) : \r\n\r\nТвич канал Мазелова -  \r\n\r\n / mazellovvv  \r\nТелеграм Мазелова - https://t.me/mazellovvv\r\nЮтуб Мазелова -   \r\n\r\n / @mzlff  \r\nИнстаграм Мазелова -  \r\n\r\n / mpb041   \r\nВК Мазелова - https://vk.com/mazilaweek\r\n\r\nЯ (нарезчик) :\r\nвк - https://vk.com/id573957376', 'mzlff,мазеллов ,реакция мазеллов на,мзлф рофл,mazellov', 1, 1, 'МАЗЕЛЛОВ СМОТРИТ КАША - САМЫЕ СМЕШНЫЕ БОЛЕЗНИ!!!! _ РЕАКЦИЯ МАЗЕЛЛОВА kussia (720p).mp4', 1700686062, 1700772489, 5),
('zokcrE0x', 'Альберт Кабуу - в эту ночь (демо трек)', 'Альберт гений', 'альберткабуу,рок,синдромвосьмиклассника,синдром,музыка,кабуу,демо,вэтуночь', 1, 0, 'Альберт Кабуу - в эту ночь (демо) (720p).mp4', 1701538642, 1702230345, 16);

-- --------------------------------------------------------

--
-- Структура таблицы `video_like`
--

CREATE TABLE `video_like` (
  `id` int(11) NOT NULL,
  `video_id` varchar(16) NOT NULL,
  `user_id` int(11) NOT NULL,
  `type` int(1) DEFAULT NULL,
  `created_at` int(11) DEFAULT NULL
) ENGINE=InnoDB DEFAULT CHARSET=utf8mb4 COLLATE=utf8mb4_unicode_ci;

--
-- Дамп данных таблицы `video_like`
--

INSERT INTO `video_like` (`id`, `video_id`, `user_id`, `type`, `created_at`) VALUES
(22, 'ZNjMdt8o', 5, 0, 1700735566),
(160, '4ffQVh_7', 6, 1, 1700835080),
(161, '0lymfvh4', 6, 1, 1700835084),
(163, 'ZNjMdt8o', 6, 1, 1700843250),
(165, '0lymfvh4', 16, 0, 1700849450),
(168, 'jAtgn0Ro', 6, 1, 1700856766),
(171, '4ffQVh_7', 5, 0, 1701451240),
(172, 'zokcrE0x', 6, 1, 1701539130),
(173, 'zokcrE0x', 16, 1, 1701610763),
(174, 'lxp_tOP9', 6, 1, 1701707043),
(175, 'ch6YVnvd', 6, 1, 1701712424),
(176, 'zokcrE0x', 5, 1, 1701712640),
(177, 'lxp_tOP9', 5, 0, 1701767837),
(178, 'jAtgn0Ro', 16, 0, 1701768061),
(179, 'lxp_tOP9', 16, 1, 1701768160),
(180, 'ka8rQqP5', 16, 1, 1701768291),
(181, 'ZNjMdt8o', 16, 0, 1701779634),
(182, 'ka8rQqP5', 5, 1, 1701781317),
(183, 'jAtgn0Ro', 5, 0, 1701781334),
(184, 'ch6YVnvd', 5, 1, 1701784041),
(185, 'yyk3ODU8', 5, 1, 1701869228),
(186, 'yyk3ODU8', 16, 1, 1701940819),
(187, '0lymfvh4', 5, 1, 1701964770),
(190, '4ffQVh_7', 16, 1, 1702230189);

-- --------------------------------------------------------

--
-- Структура таблицы `video_view`
--

CREATE TABLE `video_view` (
  `id` int(11) NOT NULL,
  `video_id` varchar(16) NOT NULL,
  `user_id` int(11) DEFAULT NULL,
  `created_at` int(11) DEFAULT NULL
) ENGINE=InnoDB DEFAULT CHARSET=utf8mb4 COLLATE=utf8mb4_unicode_ci;

--
-- Дамп данных таблицы `video_view`
--

INSERT INTO `video_view` (`id`, `video_id`, `user_id`, `created_at`) VALUES
(1, 'ZNjMdt8o', 6, 1700728835),
(2, 'ZNjMdt8o', 6, 1700729210),
(3, 'ZNjMdt8o', 6, 1700729221),
(5, 'ZNjMdt8o', 6, 1700729415),
(6, 'ZNjMdt8o', 6, 1700729418),
(7, 'ZNjMdt8o', 6, 1700730384),
(8, 'ZNjMdt8o', 6, 1700730404),
(9, 'ZNjMdt8o', 6, 1700730431),
(10, 'ZNjMdt8o', 6, 1700730553),
(11, 'ZNjMdt8o', 6, 1700730558),
(15, 'ZNjMdt8o', 5, 1700730875),
(16, 'ZNjMdt8o', 5, 1700730961),
(17, 'ZNjMdt8o', 5, 1700730969),
(18, 'ZNjMdt8o', 5, 1700730979),
(19, 'ZNjMdt8o', 5, 1700731172),
(20, 'ZNjMdt8o', 5, 1700731292),
(21, 'ZNjMdt8o', 5, 1700731303),
(22, 'ZNjMdt8o', 5, 1700731643),
(23, 'ZNjMdt8o', 5, 1700731906),
(24, 'ZNjMdt8o', 5, 1700733787),
(25, 'ZNjMdt8o', 5, 1700733827),
(26, 'ZNjMdt8o', 5, 1700733878),
(27, 'ZNjMdt8o', 5, 1700734016),
(28, 'ZNjMdt8o', 5, 1700734759),
(29, 'ZNjMdt8o', 5, 1700734952),
(30, 'ZNjMdt8o', 5, 1700735132),
(31, 'ZNjMdt8o', 5, 1700735447),
(32, 'ZNjMdt8o', 5, 1700735542),
(33, 'ZNjMdt8o', 5, 1700735564),
(34, 'ZNjMdt8o', 5, 1700735568),
(36, 'ZNjMdt8o', NULL, 1700735581),
(37, 'ZNjMdt8o', 6, 1700735589),
(38, 'ZNjMdt8o', 6, 1700735631),
(39, 'ZNjMdt8o', 6, 1700735638),
(40, 'ZNjMdt8o', 6, 1700735671),
(41, 'ZNjMdt8o', 6, 1700735776),
(42, 'ZNjMdt8o', 6, 1700735838),
(43, 'ZNjMdt8o', 6, 1700735856),
(44, 'ZNjMdt8o', 6, 1700735868),
(45, 'ZNjMdt8o', 6, 1700735870),
(46, 'ZNjMdt8o', 6, 1700735882),
(47, 'ZNjMdt8o', 6, 1700735947),
(48, 'ZNjMdt8o', 6, 1700735988),
(49, 'ZNjMdt8o', 6, 1700736017),
(50, 'ZNjMdt8o', 6, 1700736023),
(51, 'ZNjMdt8o', 6, 1700736097),
(52, 'ZNjMdt8o', 6, 1700736120),
(53, 'ZNjMdt8o', 6, 1700736136),
(54, 'ZNjMdt8o', 6, 1700736198),
(55, 'ZNjMdt8o', 6, 1700736204),
(56, 'ZNjMdt8o', 6, 1700736241),
(57, 'ZNjMdt8o', 6, 1700736325),
(58, 'ZNjMdt8o', 6, 1700736443),
(59, 'ZNjMdt8o', 6, 1700736458),
(60, 'ZNjMdt8o', 6, 1700736469),
(61, 'ZNjMdt8o', 6, 1700736475),
(62, 'ZNjMdt8o', 6, 1700736548),
(63, 'ZNjMdt8o', 6, 1700736549),
(64, 'ZNjMdt8o', 6, 1700736577),
(65, 'ZNjMdt8o', 6, 1700736578),
(66, 'ZNjMdt8o', 6, 1700736644),
(67, 'ZNjMdt8o', 6, 1700736645),
(68, 'ZNjMdt8o', 6, 1700736811),
(69, 'ZNjMdt8o', 6, 1700736880),
(70, 'ZNjMdt8o', 6, 1700736882),
(71, 'ZNjMdt8o', 6, 1700736906),
(72, 'ZNjMdt8o', 6, 1700736908),
(73, 'ZNjMdt8o', 6, 1700736913),
(74, 'ZNjMdt8o', 6, 1700736925),
(75, 'ZNjMdt8o', 6, 1700736927),
(76, 'ZNjMdt8o', 6, 1700736976),
(77, 'ZNjMdt8o', 6, 1700736987),
(78, 'ZNjMdt8o', 6, 1700736991),
(79, 'ZNjMdt8o', 6, 1700736999),
(80, 'ZNjMdt8o', 6, 1700737399),
(81, 'ZNjMdt8o', 6, 1700737467),
(82, 'ZNjMdt8o', 6, 1700737520),
(83, 'ZNjMdt8o', 6, 1700737572),
(84, 'ZNjMdt8o', 6, 1700737622),
(85, 'ZNjMdt8o', 6, 1700737629),
(86, 'ZNjMdt8o', 6, 1700737740),
(87, 'ZNjMdt8o', 6, 1700737757),
(88, 'ZNjMdt8o', 6, 1700737762),
(89, 'ZNjMdt8o', 6, 1700737816),
(90, 'ZNjMdt8o', 6, 1700738068),
(91, 'ZNjMdt8o', 6, 1700738278),
(92, 'ZNjMdt8o', 6, 1700738306),
(93, 'ZNjMdt8o', 6, 1700738307),
(94, 'ZNjMdt8o', 6, 1700738517),
(95, 'ZNjMdt8o', 6, 1700738592),
(96, 'ZNjMdt8o', 6, 1700740222),
(97, 'ZNjMdt8o', 6, 1700740266),
(98, 'ZNjMdt8o', 6, 1700740281),
(99, 'ZNjMdt8o', 6, 1700740343),
(100, 'ZNjMdt8o', 6, 1700740355),
(101, 'ZNjMdt8o', 6, 1700740745),
(102, 'ZNjMdt8o', 6, 1700740756),
(103, 'ZNjMdt8o', 6, 1700740803),
(104, 'ZNjMdt8o', 6, 1700740870),
(105, 'ZNjMdt8o', 6, 1700740901),
(106, 'ZNjMdt8o', 6, 1700740911),
(107, 'ZNjMdt8o', 6, 1700740957),
(108, 'ZNjMdt8o', 6, 1700740961),
(109, 'ZNjMdt8o', 6, 1700740982),
(110, 'ZNjMdt8o', 6, 1700741126),
(114, 'ZNjMdt8o', 6, 1700741578),
(115, 'ZNjMdt8o', 6, 1700742707),
(116, 'ZNjMdt8o', 6, 1700742742),
(117, 'ZNjMdt8o', 6, 1700742748),
(118, 'ZNjMdt8o', 6, 1700742914),
(119, 'ZNjMdt8o', 6, 1700742956),
(120, 'ZNjMdt8o', 6, 1700743457),
(121, 'ZNjMdt8o', 6, 1700743580),
(122, 'ZNjMdt8o', 6, 1700743785),
(123, 'ZNjMdt8o', 6, 1700743817),
(124, 'ZNjMdt8o', 6, 1700744044),
(125, 'ZNjMdt8o', 6, 1700744098),
(126, 'ZNjMdt8o', 6, 1700744239),
(127, 'ZNjMdt8o', 6, 1700744257),
(128, 'ZNjMdt8o', 6, 1700745680),
(129, 'ZNjMdt8o', 6, 1700745695),
(130, 'ZNjMdt8o', 6, 1700745710),
(131, 'ZNjMdt8o', 6, 1700745912),
(132, 'ZNjMdt8o', 6, 1700745932),
(133, 'ZNjMdt8o', 6, 1700745961),
(134, 'ZNjMdt8o', 6, 1700746430),
(135, 'ZNjMdt8o', 6, 1700746484),
(136, 'ZNjMdt8o', 6, 1700746529),
(137, 'ZNjMdt8o', 6, 1700746565),
(138, 'ZNjMdt8o', 6, 1700746612),
(139, 'ZNjMdt8o', 6, 1700746801),
(140, 'ZNjMdt8o', 6, 1700746823),
(141, 'ZNjMdt8o', 6, 1700746890),
(142, 'ZNjMdt8o', 6, 1700747786),
(143, 'ZNjMdt8o', 6, 1700747792),
(144, 'ZNjMdt8o', 6, 1700750514),
(145, 'ZNjMdt8o', 6, 1700750644),
(146, 'ZNjMdt8o', 6, 1700750881),
(147, 'ZNjMdt8o', 6, 1700750888),
(148, 'ZNjMdt8o', NULL, 1700750891),
(149, 'ZNjMdt8o', NULL, 1700750928),
(150, 'ZNjMdt8o', 5, 1700751693),
(151, 'ZNjMdt8o', 6, 1700751756),
(153, '0lymfvh4', 5, 1700769715),
(154, '0lymfvh4', 5, 1700769749),
(155, '0lymfvh4', 5, 1700769752),
(156, '0lymfvh4', 5, 1700769774),
(157, '0lymfvh4', 5, 1700769780),
(158, '0lymfvh4', 5, 1700769807),
(159, '0lymfvh4', 5, 1700772412),
(161, 'ZNjMdt8o', 5, 1700773063),
(162, '0lymfvh4', NULL, 1700821698),
(163, '0lymfvh4', NULL, 1700821701),
(164, '0lymfvh4', NULL, 1700827277),
(165, '0lymfvh4', NULL, 1700833820),
(166, 'ZNjMdt8o', NULL, 1700833834),
(167, '0lymfvh4', NULL, 1700833841),
(168, '0lymfvh4', NULL, 1700833843),
(169, '0lymfvh4', NULL, 1700834103),
(170, '4ffQVh_7', NULL, 1700834139),
(171, '0lymfvh4', NULL, 1700834146),
(172, '4ffQVh_7', NULL, 1700834160),
(173, '4ffQVh_7', NULL, 1700834236),
(174, '4ffQVh_7', NULL, 1700834381),
(175, '4ffQVh_7', NULL, 1700834394),
(176, '4ffQVh_7', NULL, 1700834483),
(177, '0lymfvh4', NULL, 1700834507),
(178, '0lymfvh4', NULL, 1700834544),
(179, '0lymfvh4', NULL, 1700834580),
(180, '0lymfvh4', NULL, 1700834589),
(181, '0lymfvh4', NULL, 1700834687),
(182, '4ffQVh_7', NULL, 1700834716),
(183, '4ffQVh_7', NULL, 1700834761),
(184, '4ffQVh_7', NULL, 1700834802),
(185, '4ffQVh_7', NULL, 1700834816),
(186, '4ffQVh_7', NULL, 1700834946),
(187, '0lymfvh4', NULL, 1700834963),
(188, '4ffQVh_7', NULL, 1700834966),
(190, '4ffQVh_7', NULL, 1700835016),
(191, '4ffQVh_7', NULL, 1700835058),
(192, '0lymfvh4', NULL, 1700835064),
(193, '4ffQVh_7', 6, 1700835079),
(194, '0lymfvh4', 6, 1700835083),
(195, '4ffQVh_7', 6, 1700835252),
(196, '0lymfvh4', 6, 1700835254),
(197, '4ffQVh_7', 6, 1700835262),
(198, '4ffQVh_7', 6, 1700835456),
(199, '0lymfvh4', 6, 1700835701),
(200, '4ffQVh_7', 6, 1700837095),
(201, '0lymfvh4', 6, 1700837101),
(202, 'ZNjMdt8o', 6, 1700839391),
(204, 'ZNjMdt8o', 6, 1700843249),
(205, '4ffQVh_7', 6, 1700843592),
(206, '0lymfvh4', 6, 1700843595),
(207, '4ffQVh_7', 16, 1700849443),
(208, '0lymfvh4', 16, 1700849448),
(209, 'ZNjMdt8o', 16, 1700849475),
(210, 'jAtgn0Ro', 16, 1700849783),
(211, 'jAtgn0Ro', 16, 1700849821),
(212, 'jAtgn0Ro', 16, 1700849854),
(213, '4ffQVh_7', 16, 1700849869),
(214, 'jAtgn0Ro', 16, 1700853440),
(215, 'jAtgn0Ro', 16, 1700856125),
(216, 'jAtgn0Ro', 16, 1700856211),
(217, 'jAtgn0Ro', 16, 1700856220),
(218, '4ffQVh_7', 16, 1700856232),
(219, '0lymfvh4', 16, 1700856234),
(220, 'jAtgn0Ro', 5, 1700856275),
(221, 'jAtgn0Ro', 6, 1700856765),
(222, '0lymfvh4', 6, 1700857365),
(223, 'jAtgn0Ro', 6, 1700857452),
(224, 'jAtgn0Ro', 5, 1700857716),
(225, 'jAtgn0Ro', 5, 1700857749),
(226, 'jAtgn0Ro', 5, 1700857756),
(227, 'ZNjMdt8o', 5, 1700857776),
(228, '4ffQVh_7', 5, 1700857822),
(229, '4ffQVh_7', 5, 1700857937),
(230, 'jAtgn0Ro', 5, 1700857947),
(231, 'jAtgn0Ro', 5, 1700857955),
(232, '0lymfvh4', 16, 1700908477),
(233, '4ffQVh_7', 16, 1700909386),
(234, '4ffQVh_7', 16, 1700911894),
(235, '4ffQVh_7', 16, 1700911913),
(236, '4ffQVh_7', 16, 1700911934),
(237, '4ffQVh_7', 16, 1700911961),
(238, '4ffQVh_7', 16, 1700911987),
(239, '4ffQVh_7', 16, 1700911992),
(240, '4ffQVh_7', 16, 1700911997),
(241, '4ffQVh_7', 16, 1700918962),
(242, '4ffQVh_7', 16, 1700919062),
(243, 'jAtgn0Ro', 16, 1700939357),
(244, 'ZNjMdt8o', 16, 1700939372),
(245, '0lymfvh4', 16, 1700939473),
(246, '0lymfvh4', 16, 1700939752),
(247, 'jAtgn0Ro', 16, 1700940161),
(248, 'jAtgn0Ro', 16, 1700940224),
(249, 'jAtgn0Ro', 16, 1700989610),
(250, 'jAtgn0Ro', 16, 1700989632),
(251, 'jAtgn0Ro', 16, 1700989646),
(252, 'jAtgn0Ro', 16, 1700989651),
(253, 'jAtgn0Ro', 16, 1700989676),
(254, '4ffQVh_7', 16, 1700989701),
(255, '0lymfvh4', 16, 1700989936),
(256, 'jAtgn0Ro', 16, 1700989952),
(257, '0lymfvh4', 16, 1700990088),
(258, 'ZNjMdt8o', 16, 1700990385),
(259, '4ffQVh_7', 16, 1700990408),
(260, 'ZNjMdt8o', 16, 1700991489),
(261, 'jAtgn0Ro', 16, 1701246754),
(262, 'jAtgn0Ro', 5, 1701247425),
(263, 'jAtgn0Ro', 16, 1701249272),
(264, 'jAtgn0Ro', 16, 1701249273),
(265, 'jAtgn0Ro', 16, 1701249274),
(266, 'jAtgn0Ro', 16, 1701249274),
(267, 'jAtgn0Ro', 16, 1701249274),
(268, 'jAtgn0Ro', 16, 1701249274),
(269, 'jAtgn0Ro', 16, 1701249275),
(270, 'jAtgn0Ro', 16, 1701249275),
(271, 'jAtgn0Ro', 16, 1701249275),
(272, 'jAtgn0Ro', 16, 1701249275),
(273, 'jAtgn0Ro', 16, 1701249275),
(274, 'jAtgn0Ro', 16, 1701249276),
(275, 'jAtgn0Ro', 16, 1701249276),
(276, 'jAtgn0Ro', 16, 1701249276),
(277, 'jAtgn0Ro', 16, 1701249276),
(278, 'jAtgn0Ro', 16, 1701249276),
(279, 'jAtgn0Ro', 16, 1701249277),
(280, 'jAtgn0Ro', 16, 1701249277),
(281, 'jAtgn0Ro', 16, 1701249277),
(282, 'jAtgn0Ro', 16, 1701249278),
(283, 'jAtgn0Ro', 16, 1701249279),
(284, 'jAtgn0Ro', 16, 1701249279),
(285, 'jAtgn0Ro', 16, 1701249279),
(286, 'jAtgn0Ro', 16, 1701249279),
(287, 'jAtgn0Ro', 16, 1701249280),
(288, 'jAtgn0Ro', 16, 1701249332),
(289, 'jAtgn0Ro', 16, 1701249352),
(290, '4ffQVh_7', 16, 1701251763),
(291, '0lymfvh4', 16, 1701251769),
(292, '4ffQVh_7', 16, 1701251771),
(293, 'ZNjMdt8o', 16, 1701251779),
(294, 'jAtgn0Ro', 16, 1701329220),
(295, 'jAtgn0Ro', 16, 1701329304),
(296, 'jAtgn0Ro', 16, 1701329327),
(297, 'jAtgn0Ro', 16, 1701329352),
(298, 'jAtgn0Ro', 16, 1701329419),
(299, 'jAtgn0Ro', 16, 1701329474),
(300, 'jAtgn0Ro', 16, 1701329486),
(301, 'jAtgn0Ro', 16, 1701329539),
(302, 'jAtgn0Ro', 16, 1701329657),
(303, 'jAtgn0Ro', 16, 1701329714),
(304, 'jAtgn0Ro', 16, 1701329724),
(305, 'jAtgn0Ro', 16, 1701329787),
(306, '4ffQVh_7', 16, 1701329828),
(307, '4ffQVh_7', 16, 1701330137),
(308, '4ffQVh_7', 16, 1701330153),
(309, '4ffQVh_7', 16, 1701330265),
(310, '4ffQVh_7', 16, 1701330309),
(311, '4ffQVh_7', 16, 1701330311),
(312, '4ffQVh_7', 16, 1701330323),
(313, '4ffQVh_7', 16, 1701330394),
(314, '0lymfvh4', 16, 1701330729),
(315, 'jAtgn0Ro', 16, 1701330772),
(316, '0lymfvh4', 16, 1701330817),
(317, '0lymfvh4', 16, 1701331167),
(318, '0lymfvh4', 16, 1701331187),
(319, '0lymfvh4', 16, 1701331218),
(320, '0lymfvh4', 16, 1701331264),
(321, '0lymfvh4', 16, 1701331324),
(322, '0lymfvh4', 16, 1701331422),
(323, '4ffQVh_7', 16, 1701331439),
(324, '4ffQVh_7', 16, 1701331480),
(325, 'jAtgn0Ro', 16, 1701336917),
(326, 'jAtgn0Ro', 16, 1701350625),
(327, 'jAtgn0Ro', 16, 1701355761),
(328, '4ffQVh_7', 16, 1701370825),
(329, 'jAtgn0Ro', 16, 1701419573),
(330, 'jAtgn0Ro', 16, 1701419585),
(331, 'jAtgn0Ro', NULL, 1701420006),
(332, 'jAtgn0Ro', NULL, 1701420159),
(333, 'jAtgn0Ro', NULL, 1701420266),
(334, 'jAtgn0Ro', NULL, 1701420285),
(335, 'jAtgn0Ro', NULL, 1701420286),
(336, 'jAtgn0Ro', NULL, 1701420332),
(337, 'jAtgn0Ro', NULL, 1701420383),
(338, 'jAtgn0Ro', NULL, 1701420458),
(339, 'jAtgn0Ro', NULL, 1701420511),
(340, 'jAtgn0Ro', NULL, 1701420532),
(341, 'jAtgn0Ro', NULL, 1701420694),
(342, 'jAtgn0Ro', NULL, 1701420726),
(343, 'jAtgn0Ro', NULL, 1701420844),
(344, 'jAtgn0Ro', NULL, 1701420845),
(345, 'jAtgn0Ro', NULL, 1701420874),
(346, 'jAtgn0Ro', NULL, 1701420894),
(347, 'jAtgn0Ro', NULL, 1701420950),
(348, 'jAtgn0Ro', NULL, 1701420969),
(349, 'jAtgn0Ro', NULL, 1701420978),
(350, 'jAtgn0Ro', NULL, 1701420979),
(351, 'jAtgn0Ro', NULL, 1701421018),
(352, 'jAtgn0Ro', NULL, 1701421215),
(353, 'jAtgn0Ro', NULL, 1701421243),
(354, 'jAtgn0Ro', NULL, 1701421752),
(355, 'jAtgn0Ro', NULL, 1701421781),
(356, 'jAtgn0Ro', NULL, 1701421943),
(357, 'jAtgn0Ro', NULL, 1701421952),
(358, 'jAtgn0Ro', NULL, 1701421996),
(359, 'jAtgn0Ro', NULL, 1701422068),
(360, 'jAtgn0Ro', NULL, 1701422089),
(361, 'jAtgn0Ro', NULL, 1701422110),
(362, 'jAtgn0Ro', NULL, 1701422113),
(363, 'jAtgn0Ro', NULL, 1701422127),
(364, 'jAtgn0Ro', NULL, 1701422194),
(365, 'jAtgn0Ro', NULL, 1701422198),
(366, 'jAtgn0Ro', NULL, 1701422340),
(367, 'jAtgn0Ro', NULL, 1701422714),
(368, 'jAtgn0Ro', NULL, 1701422716),
(369, 'jAtgn0Ro', NULL, 1701422751),
(370, 'jAtgn0Ro', NULL, 1701422812),
(371, 'jAtgn0Ro', NULL, 1701422987),
(372, 'jAtgn0Ro', NULL, 1701423002),
(373, 'jAtgn0Ro', NULL, 1701423109),
(374, 'jAtgn0Ro', NULL, 1701423264),
(375, 'jAtgn0Ro', NULL, 1701423314),
(376, 'jAtgn0Ro', NULL, 1701423330),
(377, 'jAtgn0Ro', NULL, 1701423429),
(378, 'jAtgn0Ro', NULL, 1701423902),
(379, 'jAtgn0Ro', NULL, 1701423910),
(380, 'jAtgn0Ro', NULL, 1701424162),
(381, 'jAtgn0Ro', NULL, 1701424178),
(382, 'jAtgn0Ro', NULL, 1701424222),
(383, 'jAtgn0Ro', NULL, 1701424276),
(384, 'jAtgn0Ro', NULL, 1701424276),
(385, 'jAtgn0Ro', 5, 1701424294),
(386, 'jAtgn0Ro', 5, 1701424465),
(387, 'jAtgn0Ro', 5, 1701424486),
(388, 'jAtgn0Ro', 5, 1701424813),
(389, 'jAtgn0Ro', 5, 1701424814),
(390, 'jAtgn0Ro', NULL, 1701424851),
(391, 'jAtgn0Ro', 5, 1701424880),
(392, 'jAtgn0Ro', 5, 1701425025),
(393, 'jAtgn0Ro', 5, 1701426547),
(394, 'jAtgn0Ro', 5, 1701426553),
(395, 'jAtgn0Ro', 5, 1701426599),
(396, 'jAtgn0Ro', 5, 1701427416),
(397, 'jAtgn0Ro', 5, 1701427417),
(398, 'jAtgn0Ro', 5, 1701427921),
(399, 'jAtgn0Ro', 5, 1701428047),
(400, 'jAtgn0Ro', 5, 1701440161),
(401, 'jAtgn0Ro', 5, 1701440163),
(402, 'jAtgn0Ro', 5, 1701440264),
(403, 'jAtgn0Ro', 5, 1701440292),
(404, 'jAtgn0Ro', 5, 1701440307),
(405, 'jAtgn0Ro', 5, 1701440321),
(406, 'jAtgn0Ro', 5, 1701441005),
(407, 'jAtgn0Ro', 5, 1701441065),
(408, 'jAtgn0Ro', 5, 1701441188),
(409, 'jAtgn0Ro', 5, 1701441365),
(410, 'jAtgn0Ro', 5, 1701441378),
(411, 'jAtgn0Ro', 5, 1701441633),
(412, 'jAtgn0Ro', 5, 1701441640),
(413, 'jAtgn0Ro', 5, 1701442595),
(414, 'jAtgn0Ro', 5, 1701442640),
(415, 'jAtgn0Ro', 5, 1701442728),
(416, 'jAtgn0Ro', 5, 1701442875),
(417, 'jAtgn0Ro', 5, 1701443105),
(418, 'jAtgn0Ro', 5, 1701443197),
(419, 'jAtgn0Ro', 5, 1701443207),
(420, 'jAtgn0Ro', 5, 1701443247),
(421, 'jAtgn0Ro', 5, 1701443263),
(422, 'jAtgn0Ro', 5, 1701443274),
(423, 'jAtgn0Ro', 5, 1701443342),
(424, 'jAtgn0Ro', 5, 1701443357),
(425, 'jAtgn0Ro', 5, 1701443630),
(426, 'jAtgn0Ro', 5, 1701443762),
(427, 'jAtgn0Ro', 5, 1701443792),
(428, 'jAtgn0Ro', 5, 1701443809),
(429, 'jAtgn0Ro', 5, 1701443835),
(430, 'jAtgn0Ro', 5, 1701443942),
(431, 'jAtgn0Ro', 5, 1701443945),
(432, 'jAtgn0Ro', 5, 1701443986),
(433, 'jAtgn0Ro', 5, 1701444211),
(434, 'jAtgn0Ro', 5, 1701444262),
(435, 'jAtgn0Ro', 5, 1701444398),
(436, 'jAtgn0Ro', 5, 1701444414),
(437, '4ffQVh_7', 5, 1701451171),
(438, '0lymfvh4', 5, 1701451250),
(439, '4ffQVh_7', 5, 1701451313),
(440, 'jAtgn0Ro', 5, 1701451328),
(441, 'jAtgn0Ro', 5, 1701452359),
(442, 'jAtgn0Ro', 5, 1701452372),
(443, 'jAtgn0Ro', 5, 1701452375),
(444, 'jAtgn0Ro', 5, 1701452377),
(445, 'jAtgn0Ro', 5, 1701452379),
(446, 'jAtgn0Ro', 5, 1701452390),
(447, 'jAtgn0Ro', 5, 1701452393),
(448, 'jAtgn0Ro', 5, 1701452394),
(449, 'jAtgn0Ro', 5, 1701452398),
(450, 'jAtgn0Ro', 5, 1701452403),
(451, 'jAtgn0Ro', 5, 1701452407),
(452, 'jAtgn0Ro', 5, 1701452550),
(453, 'jAtgn0Ro', 5, 1701452563),
(454, 'jAtgn0Ro', 5, 1701452600),
(455, 'jAtgn0Ro', 6, 1701452628),
(456, 'jAtgn0Ro', 6, 1701452746),
(457, 'jAtgn0Ro', 6, 1701452769),
(458, 'jAtgn0Ro', 6, 1701452779),
(459, 'jAtgn0Ro', 6, 1701452981),
(460, 'jAtgn0Ro', 6, 1701453092),
(461, 'jAtgn0Ro', 6, 1701453097),
(462, 'jAtgn0Ro', 6, 1701453200),
(463, 'jAtgn0Ro', 16, 1701453227),
(464, 'jAtgn0Ro', 16, 1701453339),
(465, 'jAtgn0Ro', 16, 1701453768),
(466, 'jAtgn0Ro', 16, 1701453878),
(467, 'jAtgn0Ro', 16, 1701453890),
(468, 'jAtgn0Ro', 16, 1701453907),
(469, 'jAtgn0Ro', 16, 1701453908),
(470, 'jAtgn0Ro', 6, 1701453934),
(471, 'jAtgn0Ro', 6, 1701453954),
(472, 'jAtgn0Ro', 6, 1701454123),
(473, 'jAtgn0Ro', 6, 1701454139),
(474, 'jAtgn0Ro', 6, 1701454410),
(475, 'jAtgn0Ro', 6, 1701454418),
(476, 'jAtgn0Ro', 6, 1701454479),
(477, 'jAtgn0Ro', 6, 1701454485),
(478, 'jAtgn0Ro', 6, 1701454491),
(479, 'jAtgn0Ro', 6, 1701454723),
(480, 'jAtgn0Ro', 6, 1701454723),
(481, 'jAtgn0Ro', 6, 1701454741),
(482, 'jAtgn0Ro', 6, 1701455649),
(483, 'jAtgn0Ro', 6, 1701455944),
(484, 'jAtgn0Ro', 6, 1701456114),
(485, 'jAtgn0Ro', 6, 1701456163),
(486, 'jAtgn0Ro', 6, 1701456191),
(487, 'jAtgn0Ro', 6, 1701456254),
(488, 'jAtgn0Ro', 6, 1701456282),
(489, 'jAtgn0Ro', 6, 1701456368),
(490, 'jAtgn0Ro', 6, 1701456432),
(491, 'jAtgn0Ro', 6, 1701456433),
(492, 'jAtgn0Ro', 6, 1701456705),
(493, 'jAtgn0Ro', 6, 1701456984),
(494, 'jAtgn0Ro', 6, 1701457063),
(495, 'jAtgn0Ro', 6, 1701457072),
(496, 'jAtgn0Ro', 6, 1701457110),
(497, 'jAtgn0Ro', 6, 1701457111),
(498, 'jAtgn0Ro', 6, 1701457245),
(499, 'jAtgn0Ro', 6, 1701457246),
(500, 'jAtgn0Ro', 6, 1701457329),
(501, 'jAtgn0Ro', 6, 1701457330),
(502, 'jAtgn0Ro', 6, 1701457358),
(503, 'jAtgn0Ro', 6, 1701457358),
(504, 'jAtgn0Ro', 6, 1701457424),
(505, 'jAtgn0Ro', 6, 1701457498),
(506, 'jAtgn0Ro', 6, 1701457590),
(507, '4ffQVh_7', 6, 1701504244),
(508, '4ffQVh_7', 5, 1701504270),
(509, '4ffQVh_7', 6, 1701504308),
(510, '4ffQVh_7', 6, 1701504335),
(511, '4ffQVh_7', 6, 1701504336),
(512, 'jAtgn0Ro', 6, 1701505348),
(513, 'jAtgn0Ro', 6, 1701505349),
(514, 'jAtgn0Ro', 6, 1701505376),
(515, 'jAtgn0Ro', 6, 1701505534),
(516, 'jAtgn0Ro', 6, 1701505535),
(517, 'jAtgn0Ro', 6, 1701505545),
(518, 'jAtgn0Ro', 6, 1701505715),
(519, 'jAtgn0Ro', 6, 1701505716),
(520, 'jAtgn0Ro', 6, 1701505897),
(521, 'jAtgn0Ro', 6, 1701506283),
(522, 'jAtgn0Ro', 6, 1701506284),
(523, 'jAtgn0Ro', 6, 1701506303),
(524, 'jAtgn0Ro', 6, 1701506311),
(525, 'jAtgn0Ro', 6, 1701506360),
(526, 'jAtgn0Ro', 6, 1701508617),
(527, 'jAtgn0Ro', 6, 1701508807),
(528, 'jAtgn0Ro', 6, 1701509736),
(529, 'jAtgn0Ro', 6, 1701510200),
(530, 'jAtgn0Ro', 6, 1701510298),
(531, 'jAtgn0Ro', 6, 1701510305),
(532, 'jAtgn0Ro', 6, 1701510330),
(533, 'jAtgn0Ro', 6, 1701510558),
(534, 'jAtgn0Ro', 6, 1701510565),
(535, 'jAtgn0Ro', 6, 1701510922),
(536, 'jAtgn0Ro', 6, 1701510925),
(537, 'jAtgn0Ro', 6, 1701510934),
(538, 'jAtgn0Ro', 6, 1701511477),
(539, 'jAtgn0Ro', 6, 1701511846),
(540, 'jAtgn0Ro', 6, 1701511851),
(541, 'jAtgn0Ro', 6, 1701511997),
(542, 'jAtgn0Ro', 6, 1701511999),
(543, 'jAtgn0Ro', 6, 1701512003),
(544, 'jAtgn0Ro', 6, 1701512358),
(545, 'jAtgn0Ro', 6, 1701512359),
(546, 'jAtgn0Ro', 6, 1701512362),
(547, 'jAtgn0Ro', 6, 1701512482),
(548, 'jAtgn0Ro', 6, 1701512753),
(549, 'jAtgn0Ro', 6, 1701512791),
(550, 'jAtgn0Ro', 6, 1701513037),
(551, 'jAtgn0Ro', 6, 1701513071),
(552, 'jAtgn0Ro', 6, 1701513134),
(553, 'jAtgn0Ro', 6, 1701513136),
(554, 'jAtgn0Ro', 6, 1701513214),
(555, 'jAtgn0Ro', 6, 1701513691),
(556, 'jAtgn0Ro', 6, 1701513716),
(557, 'jAtgn0Ro', 6, 1701513744),
(558, 'jAtgn0Ro', 6, 1701513792),
(559, 'jAtgn0Ro', 6, 1701513805),
(560, 'jAtgn0Ro', 6, 1701513824),
(561, 'jAtgn0Ro', 6, 1701513908),
(562, 'jAtgn0Ro', 6, 1701513966),
(563, 'jAtgn0Ro', 6, 1701513981),
(564, 'jAtgn0Ro', 6, 1701513982),
(565, 'jAtgn0Ro', 6, 1701514165),
(566, 'jAtgn0Ro', 6, 1701514186),
(567, 'jAtgn0Ro', 6, 1701514202),
(568, 'jAtgn0Ro', 6, 1701514203),
(569, 'jAtgn0Ro', 6, 1701514244),
(570, 'jAtgn0Ro', 6, 1701514257),
(571, 'jAtgn0Ro', 6, 1701514293),
(572, 'jAtgn0Ro', 6, 1701514295),
(573, 'jAtgn0Ro', 6, 1701514308),
(574, 'jAtgn0Ro', 6, 1701514309),
(575, 'jAtgn0Ro', 6, 1701514320),
(576, 'jAtgn0Ro', 6, 1701514321),
(577, 'jAtgn0Ro', 6, 1701514361),
(578, 'jAtgn0Ro', 6, 1701514364),
(579, 'jAtgn0Ro', 6, 1701514379),
(580, 'jAtgn0Ro', 6, 1701514501),
(581, 'jAtgn0Ro', 6, 1701514588),
(582, 'jAtgn0Ro', 6, 1701514590),
(583, 'jAtgn0Ro', 6, 1701514602),
(584, 'jAtgn0Ro', 6, 1701514798),
(585, 'jAtgn0Ro', 6, 1701515422),
(586, 'jAtgn0Ro', 6, 1701515463),
(587, 'jAtgn0Ro', 6, 1701515511),
(588, 'jAtgn0Ro', 6, 1701515526),
(589, 'jAtgn0Ro', 6, 1701515559),
(590, 'jAtgn0Ro', 6, 1701515607),
(591, 'jAtgn0Ro', 6, 1701515646),
(592, 'jAtgn0Ro', 6, 1701515647),
(593, 'jAtgn0Ro', 6, 1701515725),
(594, 'jAtgn0Ro', 6, 1701520370),
(595, 'jAtgn0Ro', 6, 1701520581),
(596, 'jAtgn0Ro', 6, 1701522766),
(597, 'jAtgn0Ro', 6, 1701522767),
(598, 'jAtgn0Ro', 6, 1701522965),
(599, 'jAtgn0Ro', 6, 1701522970),
(600, 'jAtgn0Ro', 6, 1701522972),
(601, 'jAtgn0Ro', 6, 1701523269),
(602, 'jAtgn0Ro', 6, 1701523292),
(603, 'jAtgn0Ro', 6, 1701523574),
(604, 'jAtgn0Ro', 6, 1701523575),
(605, 'jAtgn0Ro', 6, 1701523678),
(606, 'jAtgn0Ro', 6, 1701523679),
(607, 'jAtgn0Ro', 6, 1701523767),
(608, 'jAtgn0Ro', 6, 1701523830),
(609, 'jAtgn0Ro', 6, 1701523897),
(610, 'jAtgn0Ro', 6, 1701523898),
(611, 'jAtgn0Ro', 6, 1701523925),
(612, 'jAtgn0Ro', 6, 1701523962),
(613, 'jAtgn0Ro', 6, 1701524082),
(614, 'jAtgn0Ro', 6, 1701524090),
(615, 'jAtgn0Ro', 6, 1701524223),
(616, 'jAtgn0Ro', 6, 1701524361),
(617, 'jAtgn0Ro', 6, 1701524369),
(618, 'jAtgn0Ro', 6, 1701524452),
(619, 'jAtgn0Ro', 6, 1701524517),
(620, 'jAtgn0Ro', 6, 1701524518),
(621, 'jAtgn0Ro', 6, 1701524531),
(622, 'jAtgn0Ro', 6, 1701524537),
(623, 'jAtgn0Ro', 6, 1701524550),
(624, 'jAtgn0Ro', 6, 1701524556),
(625, 'jAtgn0Ro', 6, 1701524596),
(626, 'jAtgn0Ro', 6, 1701524636),
(627, 'jAtgn0Ro', 6, 1701524637),
(628, 'jAtgn0Ro', 6, 1701524655),
(629, 'jAtgn0Ro', 6, 1701524666),
(630, 'jAtgn0Ro', 6, 1701524718),
(631, 'jAtgn0Ro', 6, 1701524788),
(632, 'jAtgn0Ro', 6, 1701524884),
(633, 'jAtgn0Ro', 6, 1701524885),
(634, 'jAtgn0Ro', 6, 1701524943),
(635, 'jAtgn0Ro', 6, 1701524977),
(636, 'jAtgn0Ro', 6, 1701524978),
(637, 'jAtgn0Ro', 6, 1701525035),
(638, 'jAtgn0Ro', 6, 1701525036),
(639, 'jAtgn0Ro', 6, 1701525056),
(640, 'jAtgn0Ro', 6, 1701526212),
(641, 'jAtgn0Ro', 6, 1701526554),
(642, 'jAtgn0Ro', 6, 1701526622),
(643, 'jAtgn0Ro', 6, 1701526645),
(644, 'jAtgn0Ro', 6, 1701527549),
(645, '4ffQVh_7', 6, 1701527589),
(646, 'jAtgn0Ro', 6, 1701527622),
(647, 'jAtgn0Ro', 6, 1701528062),
(648, '4ffQVh_7', 6, 1701528085),
(649, '4ffQVh_7', 16, 1701528095),
(650, '4ffQVh_7', 6, 1701528154),
(651, '4ffQVh_7', 6, 1701528171),
(652, 'jAtgn0Ro', 6, 1701528179),
(653, '4ffQVh_7', 6, 1701538367),
(654, '0lymfvh4', 6, 1701538371),
(655, '0lymfvh4', 6, 1701538379),
(656, '4ffQVh_7', 6, 1701538487),
(657, 'zokcrE0x', 6, 1701538751),
(658, 'zokcrE0x', 6, 1701539122),
(659, 'zokcrE0x', 6, 1701539554),
(660, 'jAtgn0Ro', 6, 1701542076),
(661, 'jAtgn0Ro', 6, 1701542285),
(662, 'jAtgn0Ro', 6, 1701542318),
(663, 'jAtgn0Ro', 6, 1701542319),
(664, 'jAtgn0Ro', 6, 1701542760),
(665, 'jAtgn0Ro', 6, 1701542795),
(666, 'jAtgn0Ro', 6, 1701542803),
(667, 'jAtgn0Ro', 6, 1701542810),
(668, 'jAtgn0Ro', 6, 1701542873),
(669, 'jAtgn0Ro', 6, 1701542951),
(670, 'jAtgn0Ro', 6, 1701543133),
(671, 'jAtgn0Ro', 6, 1701543507),
(672, 'jAtgn0Ro', 6, 1701543647),
(673, 'jAtgn0Ro', 6, 1701544394),
(674, 'jAtgn0Ro', 6, 1701544398),
(675, 'jAtgn0Ro', 6, 1701544501),
(676, 'jAtgn0Ro', 6, 1701544562),
(677, 'jAtgn0Ro', 6, 1701544566),
(678, 'jAtgn0Ro', 6, 1701544584),
(679, 'jAtgn0Ro', 6, 1701544649),
(680, 'jAtgn0Ro', 6, 1701544654),
(681, 'jAtgn0Ro', 6, 1701544667),
(682, 'jAtgn0Ro', 6, 1701544732),
(683, 'jAtgn0Ro', 6, 1701544734),
(684, 'jAtgn0Ro', 6, 1701545091),
(685, 'jAtgn0Ro', 6, 1701545091),
(686, 'jAtgn0Ro', 6, 1701545132),
(687, 'jAtgn0Ro', 6, 1701545225),
(688, 'jAtgn0Ro', 6, 1701545230),
(689, 'jAtgn0Ro', 6, 1701545240),
(690, 'jAtgn0Ro', 6, 1701545297),
(691, 'jAtgn0Ro', 6, 1701545298),
(692, 'jAtgn0Ro', 6, 1701545489),
(693, 'jAtgn0Ro', 6, 1701545489),
(694, 'jAtgn0Ro', 6, 1701545630),
(695, 'jAtgn0Ro', 6, 1701545630),
(696, 'jAtgn0Ro', 6, 1701545690),
(697, 'jAtgn0Ro', 6, 1701545698),
(698, 'jAtgn0Ro', 6, 1701545717),
(699, 'jAtgn0Ro', 6, 1701545991),
(700, 'jAtgn0Ro', 6, 1701545992),
(701, 'jAtgn0Ro', 6, 1701546036),
(702, 'jAtgn0Ro', 6, 1701546045),
(703, 'jAtgn0Ro', 6, 1701546233),
(704, 'jAtgn0Ro', 6, 1701546417),
(705, 'jAtgn0Ro', 6, 1701546458),
(706, '4ffQVh_7', 6, 1701546640),
(707, 'zokcrE0x', 6, 1701546645),
(708, 'zokcrE0x', 6, 1701546830),
(709, 'jAtgn0Ro', 6, 1701547060),
(710, 'jAtgn0Ro', 6, 1701547284),
(711, 'jAtgn0Ro', 6, 1701547330),
(712, 'jAtgn0Ro', 6, 1701547350),
(713, 'jAtgn0Ro', 6, 1701548077),
(714, 'zokcrE0x', 16, 1701548093),
(715, 'zokcrE0x', 16, 1701548108),
(716, 'zokcrE0x', 16, 1701548183),
(717, 'zokcrE0x', 16, 1701548198),
(718, 'zokcrE0x', 16, 1701548232),
(719, 'zokcrE0x', 16, 1701548237),
(720, 'zokcrE0x', 16, 1701548311),
(721, 'zokcrE0x', 16, 1701548314),
(722, 'zokcrE0x', 16, 1701548547),
(723, 'zokcrE0x', 16, 1701548562),
(724, 'zokcrE0x', 16, 1701548757),
(725, 'zokcrE0x', 16, 1701548757),
(726, 'zokcrE0x', 16, 1701548761),
(727, 'zokcrE0x', 16, 1701549066),
(728, 'zokcrE0x', 16, 1701549067),
(729, 'zokcrE0x', 16, 1701549172),
(730, 'zokcrE0x', 16, 1701549234),
(731, 'zokcrE0x', 16, 1701549372),
(732, 'zokcrE0x', 16, 1701549553),
(733, 'zokcrE0x', 16, 1701549574),
(734, 'zokcrE0x', 16, 1701549603),
(735, 'zokcrE0x', 16, 1701549609),
(736, 'zokcrE0x', 16, 1701549877),
(737, 'zokcrE0x', 16, 1701549878),
(738, 'zokcrE0x', 16, 1701549886),
(739, 'zokcrE0x', 16, 1701550016),
(740, 'zokcrE0x', 16, 1701550046),
(741, 'zokcrE0x', 16, 1701550280),
(742, 'zokcrE0x', 16, 1701550286),
(743, 'zokcrE0x', 16, 1701550420),
(744, 'zokcrE0x', 16, 1701550421),
(745, 'zokcrE0x', 16, 1701550695),
(746, 'zokcrE0x', 16, 1701550696),
(747, 'zokcrE0x', 16, 1701550783),
(748, 'zokcrE0x', 16, 1701550924),
(749, 'zokcrE0x', 16, 1701550941),
(750, 'zokcrE0x', 16, 1701588586),
(751, 'zokcrE0x', 16, 1701588607),
(752, 'zokcrE0x', 16, 1701589298),
(753, 'zokcrE0x', 16, 1701589299),
(754, 'zokcrE0x', 16, 1701589309),
(755, 'zokcrE0x', 16, 1701589316),
(756, 'zokcrE0x', 16, 1701589322),
(757, 'zokcrE0x', 16, 1701589326),
(758, 'zokcrE0x', 16, 1701589959),
(759, 'zokcrE0x', 16, 1701590027),
(760, 'zokcrE0x', 16, 1701590033),
(761, 'zokcrE0x', 16, 1701590058),
(762, 'zokcrE0x', 16, 1701590308),
(763, 'zokcrE0x', 16, 1701590985),
(764, 'zokcrE0x', 16, 1701591049),
(765, 'zokcrE0x', 16, 1701591141),
(766, 'zokcrE0x', 16, 1701591175),
(767, 'zokcrE0x', 16, 1701594976),
(768, 'zokcrE0x', 16, 1701594993),
(769, 'ZNjMdt8o', 16, 1701595686),
(770, '4ffQVh_7', 16, 1701595706),
(771, '4ffQVh_7', 16, 1701597329),
(772, '4ffQVh_7', 16, 1701597344),
(773, '4ffQVh_7', 16, 1701597359),
(774, '4ffQVh_7', 16, 1701597615),
(775, '0lymfvh4', 16, 1701610533),
(776, 'zokcrE0x', 16, 1701610540),
(777, 'jAtgn0Ro', 16, 1701610545),
(778, 'zokcrE0x', 16, 1701610550),
(779, 'zokcrE0x', 16, 1701611426),
(780, 'zokcrE0x', 16, 1701611472),
(781, 'zokcrE0x', 16, 1701611473),
(782, 'zokcrE0x', 6, 1701611508),
(783, 'zokcrE0x', 6, 1701611700),
(784, 'zokcrE0x', 6, 1701613749),
(785, 'zokcrE0x', 6, 1701613876),
(786, 'zokcrE0x', 6, 1701613884),
(787, 'zokcrE0x', 6, 1701614045),
(788, 'zokcrE0x', 6, 1701614055),
(789, 'zokcrE0x', 6, 1701614056),
(790, 'zokcrE0x', 6, 1701614184),
(791, 'zokcrE0x', 6, 1701614245),
(792, 'zokcrE0x', 6, 1701614246),
(793, 'zokcrE0x', 6, 1701619179),
(794, 'zokcrE0x', 6, 1701619184),
(795, 'zokcrE0x', 6, 1701619563),
(796, 'zokcrE0x', 6, 1701620468),
(797, 'zokcrE0x', 6, 1701620506),
(798, 'zokcrE0x', 6, 1701621088),
(799, 'zokcrE0x', 6, 1701621146),
(800, 'zokcrE0x', 6, 1701621147),
(801, 'zokcrE0x', 6, 1701622424),
(802, 'zokcrE0x', 6, 1701622426),
(803, 'zokcrE0x', 6, 1701622470),
(804, 'zokcrE0x', 6, 1701622486),
(805, 'zokcrE0x', 6, 1701622525),
(806, 'zokcrE0x', 6, 1701622567),
(807, 'zokcrE0x', 6, 1701626755),
(808, 'zokcrE0x', 6, 1701626756),
(809, 'zokcrE0x', 6, 1701626778),
(810, 'zokcrE0x', 6, 1701626793),
(811, 'zokcrE0x', 6, 1701626819),
(812, 'zokcrE0x', 6, 1701627126),
(813, 'zokcrE0x', 6, 1701627127),
(814, 'zokcrE0x', 6, 1701627142),
(815, 'zokcrE0x', 6, 1701627280),
(816, 'zokcrE0x', 6, 1701627419),
(817, 'zokcrE0x', 6, 1701627419),
(818, 'zokcrE0x', 6, 1701627456),
(819, 'zokcrE0x', 6, 1701627482),
(820, 'zokcrE0x', 6, 1701627629),
(821, 'zokcrE0x', 6, 1701627714),
(822, 'zokcrE0x', 6, 1701627747),
(823, 'zokcrE0x', 6, 1701627769),
(824, 'zokcrE0x', 6, 1701627805),
(825, 'zokcrE0x', 6, 1701627821),
(826, 'zokcrE0x', 6, 1701628427),
(827, 'zokcrE0x', 6, 1701628670),
(828, 'zokcrE0x', 6, 1701628671),
(829, 'jAtgn0Ro', 6, 1701628694),
(830, '4ffQVh_7', 6, 1701628697),
(831, '4ffQVh_7', 6, 1701628739),
(832, '4ffQVh_7', 6, 1701628741),
(833, '4ffQVh_7', 6, 1701628749),
(834, '4ffQVh_7', 6, 1701628859),
(835, '4ffQVh_7', 6, 1701628860),
(836, '4ffQVh_7', 6, 1701628909),
(837, '0lymfvh4', 6, 1701628936),
(838, '4ffQVh_7', 6, 1701628950),
(839, 'ZNjMdt8o', 6, 1701628960),
(840, 'zokcrE0x', 6, 1701629399),
(841, 'zokcrE0x', 6, 1701629496),
(842, 'zokcrE0x', 6, 1701629497),
(843, 'zokcrE0x', 6, 1701629525),
(844, 'zokcrE0x', 6, 1701629566),
(845, 'zokcrE0x', 6, 1701630012),
(846, 'zokcrE0x', 6, 1701630132),
(847, 'zokcrE0x', 6, 1701631289),
(848, 'zokcrE0x', 6, 1701631303),
(849, 'zokcrE0x', 6, 1701631333),
(850, 'zokcrE0x', 6, 1701631355),
(851, 'zokcrE0x', 6, 1701631972),
(852, 'zokcrE0x', 6, 1701634954),
(853, 'zokcrE0x', 6, 1701634955),
(854, 'zokcrE0x', 6, 1701634964),
(855, 'zokcrE0x', 6, 1701634987),
(856, 'zokcrE0x', 6, 1701635126),
(857, 'zokcrE0x', 6, 1701635547),
(858, 'zokcrE0x', 6, 1701635554),
(859, 'zokcrE0x', 6, 1701635569),
(860, 'zokcrE0x', 6, 1701635625),
(861, 'zokcrE0x', 6, 1701635865),
(862, 'zokcrE0x', 6, 1701636083),
(863, 'zokcrE0x', 6, 1701636116),
(864, 'zokcrE0x', 6, 1701636167),
(865, 'zokcrE0x', 6, 1701636252),
(866, 'zokcrE0x', 6, 1701636568),
(867, 'zokcrE0x', 6, 1701636575),
(868, 'zokcrE0x', 6, 1701636602),
(869, 'zokcrE0x', 6, 1701689085),
(870, 'zokcrE0x', 6, 1701690017),
(871, 'zokcrE0x', 6, 1701691033),
(872, 'zokcrE0x', 6, 1701691034),
(873, 'zokcrE0x', 6, 1701691048),
(874, 'zokcrE0x', 6, 1701691071),
(875, 'zokcrE0x', 6, 1701691080),
(876, 'zokcrE0x', 6, 1701691088),
(877, 'zokcrE0x', 6, 1701691216),
(878, 'zokcrE0x', 6, 1701691225),
(879, 'zokcrE0x', 6, 1701691328),
(880, 'zokcrE0x', 6, 1701691472),
(881, 'zokcrE0x', 6, 1701691473),
(882, 'zokcrE0x', 6, 1701691488),
(883, 'zokcrE0x', 6, 1701691489),
(884, 'zokcrE0x', 6, 1701691510),
(885, 'zokcrE0x', 6, 1701691535),
(886, 'zokcrE0x', 6, 1701691716),
(887, 'zokcrE0x', 6, 1701692162),
(888, 'zokcrE0x', 6, 1701694070),
(889, 'zokcrE0x', 6, 1701694078),
(890, 'zokcrE0x', 6, 1701694448),
(891, 'zokcrE0x', 6, 1701694460),
(892, 'zokcrE0x', 6, 1701694469),
(893, 'zokcrE0x', 6, 1701695096),
(894, 'zokcrE0x', 6, 1701695137),
(895, 'zokcrE0x', 6, 1701695147),
(896, 'zokcrE0x', 6, 1701695214),
(897, 'zokcrE0x', 6, 1701695239),
(898, 'zokcrE0x', 6, 1701695240),
(899, 'zokcrE0x', 6, 1701695325),
(900, 'zokcrE0x', 6, 1701695326),
(901, 'zokcrE0x', 6, 1701695381),
(902, 'zokcrE0x', 6, 1701695382),
(903, 'zokcrE0x', 6, 1701695749),
(904, 'zokcrE0x', 6, 1701695793),
(905, 'zokcrE0x', 6, 1701695996),
(906, 'zokcrE0x', 6, 1701696021),
(907, 'zokcrE0x', 6, 1701696039),
(908, 'zokcrE0x', 6, 1701696124),
(909, 'zokcrE0x', 6, 1701696124),
(910, 'zokcrE0x', 6, 1701696212),
(911, 'zokcrE0x', 6, 1701696213),
(912, 'zokcrE0x', 6, 1701696234),
(913, 'zokcrE0x', 6, 1701697213),
(914, 'zokcrE0x', 6, 1701697226),
(915, 'zokcrE0x', 6, 1701698020),
(916, 'zokcrE0x', 6, 1701698021),
(917, 'zokcrE0x', 6, 1701698132),
(918, 'zokcrE0x', 6, 1701698148),
(919, 'zokcrE0x', 6, 1701698570),
(920, 'zokcrE0x', 6, 1701698581),
(921, 'zokcrE0x', 6, 1701698599),
(922, 'zokcrE0x', 6, 1701698611),
(923, 'zokcrE0x', 6, 1701698615),
(924, 'zokcrE0x', 6, 1701698621),
(925, 'zokcrE0x', 6, 1701698622),
(926, 'zokcrE0x', 6, 1701699056),
(927, 'zokcrE0x', 6, 1701699063),
(928, 'zokcrE0x', 6, 1701699079),
(929, 'jAtgn0Ro', 6, 1701699111),
(930, 'jAtgn0Ro', 6, 1701699133),
(931, 'zokcrE0x', 6, 1701699781),
(932, 'zokcrE0x', 6, 1701700046),
(933, 'zokcrE0x', 6, 1701700049),
(934, 'zokcrE0x', 6, 1701700056),
(935, 'zokcrE0x', 6, 1701700150),
(936, 'zokcrE0x', 6, 1701700198),
(937, 'zokcrE0x', 6, 1701700208),
(938, 'zokcrE0x', 6, 1701700286),
(939, 'zokcrE0x', 6, 1701700518),
(940, 'zokcrE0x', 6, 1701700571),
(941, 'zokcrE0x', 6, 1701701743),
(942, 'zokcrE0x', 6, 1701702007),
(943, 'zokcrE0x', 6, 1701702058),
(944, 'zokcrE0x', 6, 1701702085),
(945, 'ch6YVnvd', 6, 1701706607),
(946, 'zokcrE0x', 6, 1701706728),
(947, 'lxp_tOP9', 6, 1701707042),
(948, 'ch6YVnvd', 6, 1701707401),
(949, 'ka8rQqP5', 6, 1701707743),
(950, 'lxp_tOP9', 6, 1701707767),
(951, '4ffQVh_7', 6, 1701711624),
(952, '4ffQVh_7', 6, 1701711670),
(953, '4ffQVh_7', NULL, 1701711683),
(954, 'ka8rQqP5', NULL, 1701711693),
(955, 'ka8rQqP5', NULL, 1701711697),
(956, 'ka8rQqP5', NULL, 1701711700),
(957, 'ka8rQqP5', NULL, 1701711704),
(958, '4ffQVh_7', NULL, 1701711711),
(959, '4ffQVh_7', 16, 1701711754),
(960, '4ffQVh_7', 16, 1701711761),
(961, '4ffQVh_7', 16, 1701711774),
(962, '4ffQVh_7', 5, 1701711830),
(963, '4ffQVh_7', 5, 1701711865),
(964, '4ffQVh_7', 6, 1701711925),
(965, '4ffQVh_7', 6, 1701711938),
(966, '4ffQVh_7', 6, 1701712040),
(967, '4ffQVh_7', NULL, 1701712067),
(968, '4ffQVh_7', NULL, 1701712110),
(969, '4ffQVh_7', 16, 1701712139),
(970, '0lymfvh4', 16, 1701712172),
(971, '0lymfvh4', 16, 1701712226),
(972, '4ffQVh_7', 16, 1701712231),
(973, '0lymfvh4', 6, 1701712241),
(974, '4ffQVh_7', 6, 1701712365),
(975, '4ffQVh_7', 6, 1701712395),
(976, 'ch6YVnvd', 6, 1701712420),
(977, '4ffQVh_7', 6, 1701712425),
(978, '0lymfvh4', 6, 1701712428),
(979, '4ffQVh_7', 6, 1701712429),
(980, 'ch6YVnvd', 5, 1701712452),
(981, '4ffQVh_7', 5, 1701712454),
(982, '0lymfvh4', 5, 1701712458),
(983, '4ffQVh_7', 5, 1701712579),
(984, 'ch6YVnvd', 5, 1701712582),
(985, '4ffQVh_7', 5, 1701712586),
(986, 'zokcrE0x', 5, 1701712638),
(987, 'zokcrE0x', 5, 1701712707),
(988, 'ka8rQqP5', 5, 1701714238),
(989, 'ka8rQqP5', 5, 1701714270),
(990, 'ka8rQqP5', 5, 1701767164),
(991, 'ZNjMdt8o', 5, 1701767176),
(992, 'zokcrE0x', 5, 1701767265),
(993, 'ka8rQqP5', 5, 1701767387),
(994, 'ka8rQqP5', 5, 1701767626),
(995, 'ka8rQqP5', 5, 1701767636),
(996, 'zokcrE0x', 5, 1701767655),
(997, 'lxp_tOP9', 5, 1701767733),
(998, 'zokcrE0x', 16, 1701767955),
(999, 'zokcrE0x', 16, 1701768022),
(1000, 'jAtgn0Ro', 16, 1701768045),
(1001, 'lxp_tOP9', 16, 1701768144),
(1002, 'lxp_tOP9', 16, 1701768243),
(1003, 'ka8rQqP5', 16, 1701768283),
(1004, '4ffQVh_7', 16, 1701768382),
(1005, 'ch6YVnvd', 16, 1701768431),
(1006, '4ffQVh_7', 16, 1701779382),
(1007, 'ch6YVnvd', 16, 1701779400),
(1008, 'zokcrE0x', 16, 1701779441),
(1009, 'jAtgn0Ro', 16, 1701779499),
(1010, 'ZNjMdt8o', 16, 1701779512),
(1011, 'ZNjMdt8o', 16, 1701781117),
(1012, '4ffQVh_7', 16, 1701781142),
(1013, '0lymfvh4', 16, 1701781154),
(1014, 'zokcrE0x', 16, 1701781294),
(1015, 'zokcrE0x', 16, 1701781298),
(1016, 'lxp_tOP9', 16, 1701781304),
(1017, 'jAtgn0Ro', 16, 1701781306),
(1018, 'ka8rQqP5', 5, 1701781315),
(1019, 'ZNjMdt8o', 5, 1701781320),
(1020, 'lxp_tOP9', 5, 1701781328),
(1021, 'zokcrE0x', 5, 1701781331),
(1022, 'jAtgn0Ro', 5, 1701781332),
(1023, 'jAtgn0Ro', 16, 1701783770),
(1024, 'ch6YVnvd', 5, 1701784039),
(1025, 'ka8rQqP5', 5, 1701784047),
(1026, 'ka8rQqP5', 5, 1701784225),
(1027, 'zokcrE0x', 5, 1701784358),
(1028, 'zokcrE0x', 5, 1701784397),
(1029, '4ffQVh_7', 5, 1701790463),
(1030, 'zokcrE0x', 5, 1701799162),
(1031, 'ka8rQqP5', 5, 1701799289),
(1032, '4ffQVh_7', 5, 1701799293),
(1033, '4ffQVh_7', 5, 1701799505),
(1034, 'lxp_tOP9', 5, 1701799549),
(1035, 'ka8rQqP5', 5, 1701868425),
(1036, '4ffQVh_7', 5, 1701868436),
(1037, 'yyk3ODU8', 5, 1701869227),
(1038, 'yyk3ODU8', 5, 1701869469),
(1039, '0lymfvh4', 5, 1701869868),
(1040, '0lymfvh4', 5, 1701934412),
(1041, '0lymfvh4', 5, 1701934417),
(1042, 'ch6YVnvd', 5, 1701934435),
(1043, 'ch6YVnvd', 5, 1701934449),
(1044, 'yyk3ODU8', 5, 1701934631),
(1045, 'yyk3ODU8', 5, 1701934682),
(1046, 'lxp_tOP9', 5, 1701934906),
(1047, 'lxp_tOP9', 5, 1701934982),
(1048, 'yyk3ODU8', 16, 1701940816),
(1049, 'yyk3ODU8', 16, 1701940832),
(1050, 'yyk3ODU8', 16, 1701940835),
(1051, 'yyk3ODU8', 16, 1701940839),
(1052, 'lxp_tOP9', 16, 1701940907),
(1053, 'lxp_tOP9', 16, 1701940935),
(1054, 'lxp_tOP9', 16, 1701940954),
(1055, 'lxp_tOP9', 16, 1701940973),
(1056, 'zokcrE0x', 5, 1701944938),
(1057, 'yyk3ODU8', 5, 1701964742),
(1058, '0lymfvh4', 5, 1701964763),
(1059, 'ch6YVnvd', 5, 1701964839),
(1060, 'yyk3ODU8', 5, 1701966643),
(1061, 'yyk3ODU8', 5, 1701966676),
(1062, 'yyk3ODU8', 5, 1701975422),
(1063, 'lxp_tOP9', 5, 1701975426),
(1064, 'zokcrE0x', 5, 1701975515),
(1065, 'lxp_tOP9', 5, 1701975593),
(1066, 'yyk3ODU8', 5, 1701977035),
(1067, 'yyk3ODU8', 5, 1702057483),
(1068, 'yyk3ODU8', 5, 1702103504),
(1069, 'zokcrE0x', 5, 1702103522),
(1070, 'zokcrE0x', 5, 1702103653),
(1071, 'zokcrE0x', 5, 1702103654),
(1072, 'zokcrE0x', 5, 1702103724),
(1073, 'zokcrE0x', 5, 1702103839),
(1074, 'zokcrE0x', 5, 1702103858),
(1075, 'zokcrE0x', 5, 1702103878),
(1076, 'zokcrE0x', 5, 1702103886),
(1077, 'zokcrE0x', 5, 1702103889),
(1078, 'zokcrE0x', 5, 1702103927),
(1079, 'zokcrE0x', 5, 1702103932),
(1080, 'zokcrE0x', 5, 1702103964),
(1081, 'zokcrE0x', 5, 1702103972),
(1082, 'zokcrE0x', 5, 1702103990),
(1083, 'zokcrE0x', 5, 1702103994),
(1084, 'zokcrE0x', 5, 1702104012),
(1085, 'zokcrE0x', 5, 1702104019),
(1086, 'zokcrE0x', 5, 1702104067),
(1087, 'zokcrE0x', 5, 1702104070),
(1088, 'zokcrE0x', 5, 1702104146),
(1089, 'zokcrE0x', 5, 1702104168),
(1090, 'zokcrE0x', 5, 1702104169),
(1091, 'zokcrE0x', 5, 1702104245),
(1092, 'zokcrE0x', 5, 1702104430),
(1093, 'zokcrE0x', 5, 1702104436),
(1094, 'zokcrE0x', 5, 1702104514),
(1095, 'zokcrE0x', 5, 1702104524),
(1096, 'zokcrE0x', 5, 1702104529),
(1097, 'zokcrE0x', 5, 1702104550),
(1098, 'zokcrE0x', 5, 1702104661),
(1099, 'zokcrE0x', 5, 1702104726),
(1100, 'zokcrE0x', 5, 1702104730),
(1101, 'zokcrE0x', 5, 1702104849),
(1102, 'zokcrE0x', 5, 1702104854),
(1103, 'zokcrE0x', 5, 1702104858),
(1104, 'zokcrE0x', 5, 1702104861),
(1105, 'zokcrE0x', 5, 1702104931),
(1106, 'zokcrE0x', 5, 1702104944),
(1107, 'zokcrE0x', 5, 1702104975),
(1108, 'zokcrE0x', 5, 1702105060),
(1109, 'zokcrE0x', 5, 1702105061),
(1110, 'zokcrE0x', 5, 1702105070),
(1111, 'zokcrE0x', 5, 1702105074),
(1112, 'zokcrE0x', 5, 1702105078),
(1113, 'zokcrE0x', 5, 1702105147),
(1114, 'zokcrE0x', 5, 1702105152),
(1115, 'zokcrE0x', 5, 1702105175),
(1116, 'zokcrE0x', 5, 1702105191),
(1117, 'zokcrE0x', 5, 1702105191),
(1118, 'zokcrE0x', 5, 1702105196),
(1119, 'zokcrE0x', 5, 1702105200),
(1120, 'zokcrE0x', 5, 1702105218),
(1121, 'zokcrE0x', 5, 1702105234),
(1122, 'lxp_tOP9', 5, 1702105660),
(1123, 'yyk3ODU8', 5, 1702106415),
(1124, '4ffQVh_7', 5, 1702106417),
(1125, 'zokcrE0x', 5, 1702106538),
(1126, 'zokcrE0x', 5, 1702108648),
(1127, 'zokcrE0x', 5, 1702143916),
(1128, 'zokcrE0x', 5, 1702143926),
(1129, 'zokcrE0x', 5, 1702143958),
(1130, 'zokcrE0x', 5, 1702143984),
(1131, 'ka8rQqP5', 5, 1702144063),
(1132, 'ka8rQqP5', 5, 1702144102),
(1133, 'ka8rQqP5', 5, 1702144135),
(1134, 'zokcrE0x', 5, 1702144243),
(1135, 'zokcrE0x', 5, 1702144250),
(1136, 'zokcrE0x', 5, 1702144428),
(1137, 'zokcrE0x', 5, 1702144430),
(1138, 'zokcrE0x', 5, 1702144493),
(1139, 'zokcrE0x', 5, 1702144587),
(1140, 'zokcrE0x', 5, 1702144588),
(1141, 'zokcrE0x', 5, 1702144621),
(1142, 'zokcrE0x', 5, 1702144648),
(1143, 'zokcrE0x', 5, 1702144658),
(1144, 'zokcrE0x', 5, 1702144693),
(1145, 'zokcrE0x', 5, 1702144727),
(1146, 'zokcrE0x', 5, 1702144728),
(1147, 'zokcrE0x', 5, 1702144776),
(1148, 'zokcrE0x', 5, 1702144791),
(1149, 'zokcrE0x', 5, 1702144821),
(1150, 'zokcrE0x', 5, 1702144979),
(1151, 'zokcrE0x', 5, 1702145325),
(1152, 'zokcrE0x', 5, 1702145327),
(1153, 'zokcrE0x', 5, 1702145443),
(1154, 'zokcrE0x', 5, 1702145444),
(1155, 'zokcrE0x', 5, 1702145522),
(1156, 'zokcrE0x', 16, 1702145536),
(1157, 'zokcrE0x', 6, 1702145561),
(1158, 'zokcrE0x', 6, 1702145587),
(1159, 'zokcrE0x', 6, 1702145760),
(1160, 'zokcrE0x', 6, 1702145762),
(1161, '4ffQVh_7', 6, 1702145855),
(1162, '4ffQVh_7', NULL, 1702226322),
(1163, 'yyk3ODU8', 16, 1702226356),
(1164, '4ffQVh_7', 16, 1702226359),
(1165, 'zokcrE0x', 16, 1702226364),
(1166, 'zokcrE0x', 16, 1702229787),
(1167, 'yyk3ODU8', 16, 1702229832),
(1168, '4ffQVh_7', 16, 1702229841),
(1169, '4ffQVh_7', 16, 1702230091),
(1170, 'ka8rQqP5', 16, 1702230137),
(1171, 'jAtgn0Ro', 16, 1702230161),
(1172, '4ffQVh_7', 16, 1702230177),
(1173, 'lxp_tOP9', 16, 1702230404),
(1174, 'yyk3ODU8', NULL, 1702291441),
(1175, '4ffQVh_7', NULL, 1702291453),
(1176, 'zokcrE0x', NULL, 1702291631),
(1177, '4ffQVh_7', NULL, 1702291639);

--
-- Индексы сохранённых таблиц
--

--
-- Индексы таблицы `comment`
--
ALTER TABLE `comment`
  ADD PRIMARY KEY (`id`),
  ADD KEY `idx-comment-video_id` (`video_id`),
  ADD KEY `idx-comment-parent_id` (`parent_id`),
  ADD KEY `idx-comment-created_by` (`created_by`);

--
-- Индексы таблицы `migration`
--
ALTER TABLE `migration`
  ADD PRIMARY KEY (`version`);

--
-- Индексы таблицы `subscriber`
--
ALTER TABLE `subscriber`
  ADD PRIMARY KEY (`id`),
  ADD KEY `idx-subscriber-channel_id` (`channel_id`),
  ADD KEY `idx-subscriber-user_id` (`user_id`);

--
-- Индексы таблицы `user`
--
ALTER TABLE `user`
  ADD PRIMARY KEY (`id`),
  ADD UNIQUE KEY `username` (`username`),
  ADD UNIQUE KEY `email` (`email`),
  ADD UNIQUE KEY `password_reset_token` (`password_reset_token`);

--
-- Индексы таблицы `video`
--
ALTER TABLE `video`
  ADD PRIMARY KEY (`video_id`),
  ADD KEY `idx-videos-created_by` (`created_by`);
ALTER TABLE `video` ADD FULLTEXT KEY `title` (`title`,`description`,`tags`);

--
-- Индексы таблицы `video_like`
--
ALTER TABLE `video_like`
  ADD PRIMARY KEY (`id`),
  ADD KEY `idx-video_like-video_id` (`video_id`),
  ADD KEY `idx-video_like-user_id` (`user_id`);

--
-- Индексы таблицы `video_view`
--
ALTER TABLE `video_view`
  ADD PRIMARY KEY (`id`),
  ADD KEY `idx-video_view-video_id` (`video_id`),
  ADD KEY `idx-video_view-user_id` (`user_id`);

--
-- AUTO_INCREMENT для сохранённых таблиц
--

--
-- AUTO_INCREMENT для таблицы `comment`
--
ALTER TABLE `comment`
  MODIFY `id` int(11) NOT NULL AUTO_INCREMENT, AUTO_INCREMENT=187;

--
-- AUTO_INCREMENT для таблицы `subscriber`
--
ALTER TABLE `subscriber`
  MODIFY `id` int(11) NOT NULL AUTO_INCREMENT, AUTO_INCREMENT=62;

--
-- AUTO_INCREMENT для таблицы `user`
--
ALTER TABLE `user`
  MODIFY `id` int(11) NOT NULL AUTO_INCREMENT, AUTO_INCREMENT=24;

--
-- AUTO_INCREMENT для таблицы `video_like`
--
ALTER TABLE `video_like`
  MODIFY `id` int(11) NOT NULL AUTO_INCREMENT, AUTO_INCREMENT=191;

--
-- AUTO_INCREMENT для таблицы `video_view`
--
ALTER TABLE `video_view`
  MODIFY `id` int(11) NOT NULL AUTO_INCREMENT, AUTO_INCREMENT=1178;

--
-- Ограничения внешнего ключа сохраненных таблиц
--

--
-- Ограничения внешнего ключа таблицы `comment`
--
ALTER TABLE `comment`
  ADD CONSTRAINT `fk-comment-created_by` FOREIGN KEY (`created_by`) REFERENCES `user` (`id`) ON DELETE CASCADE,
  ADD CONSTRAINT `fk-comment-parent_id` FOREIGN KEY (`parent_id`) REFERENCES `comment` (`id`) ON DELETE CASCADE,
  ADD CONSTRAINT `fk-comment-video_id` FOREIGN KEY (`video_id`) REFERENCES `video` (`video_id`) ON DELETE CASCADE;

--
-- Ограничения внешнего ключа таблицы `subscriber`
--
ALTER TABLE `subscriber`
  ADD CONSTRAINT `fk-subscriber-channel_id` FOREIGN KEY (`channel_id`) REFERENCES `user` (`id`) ON DELETE CASCADE,
  ADD CONSTRAINT `fk-subscriber-user_id` FOREIGN KEY (`user_id`) REFERENCES `user` (`id`) ON DELETE CASCADE;

--
-- Ограничения внешнего ключа таблицы `video`
--
ALTER TABLE `video`
  ADD CONSTRAINT `fk-videos-created_by` FOREIGN KEY (`created_by`) REFERENCES `user` (`id`) ON DELETE CASCADE;

--
-- Ограничения внешнего ключа таблицы `video_like`
--
ALTER TABLE `video_like`
  ADD CONSTRAINT `fk-video_like-user_id` FOREIGN KEY (`user_id`) REFERENCES `user` (`id`) ON DELETE CASCADE,
  ADD CONSTRAINT `fk-video_like-video_id` FOREIGN KEY (`video_id`) REFERENCES `video` (`video_id`) ON DELETE CASCADE;

--
-- Ограничения внешнего ключа таблицы `video_view`
--
ALTER TABLE `video_view`
  ADD CONSTRAINT `fk-video_view-user_id` FOREIGN KEY (`user_id`) REFERENCES `user` (`id`) ON DELETE CASCADE,
  ADD CONSTRAINT `fk-video_view-video_id` FOREIGN KEY (`video_id`) REFERENCES `video` (`video_id`) ON DELETE CASCADE;
COMMIT;

/*!40101 SET CHARACTER_SET_CLIENT=@OLD_CHARACTER_SET_CLIENT */;
/*!40101 SET CHARACTER_SET_RESULTS=@OLD_CHARACTER_SET_RESULTS */;
/*!40101 SET COLLATION_CONNECTION=@OLD_COLLATION_CONNECTION */;
